15,24,14,1000,23,0,20.045,451.7,682.32,656.85,58.758,54.323,44.71,23.167,15.385,49.506,23.903,2.289,20.632,31.593,78.162,26,9.07,21,5.14,0
15,24,15,1000,23,0,20.044,451.68,682.35,656.88,58.759,54.478,44.801,23.14,15.385,49.509,23.892,2.289,20.588,31.514,78.092,26,9.07,21,5.14,0
15,24,16,1000,23,0,20.042,451.66,682.36,656.87,58.761,54.39,44.8,23.17,15.359,49.508,23.86,2.289,20.514,31.515,77.885,26,9.07,21,5.14,0
15,24,17,1000,23,0,20.076,451.67,682.34,656.87,58.688,54.295,44.831,23.203,15.358,49.508,24.072,2.289,20.571,31.512,79.26,26,9.07,21,5.14,0
15,24,18,1000,23,0,20.075,451.39,682.37,656.84,58.687,54.296,44.803,23.23,15.354,49.502,23.932,2.289,20.631,31.329,78.346,26,9.07,21,5.14,0
15,24,19,1000,23,0,20.076,451.36,682.36,656.92,58.605,54.48,44.724,23.236,15.354,49.475,23.985,2.289,20.631,31.328,78.694,26,9.07,21,5.14,0
15,24,20,1000,23,0,20.075,451.36,682.34,656.9,58.671,54.391,44.741,23.169,15.355,49.473,23.955,2.289,20.456,31.453,78.497,26,9.07,21,5.14,0
15,24,21,1000,23,0,20.075,451.36,682.35,657.19,58.744,54.388,44.772,23.169,15.387,49.419,24.067,2.289,20.397,31.433,79.23,26,9.07,21,5.14,0
15,24,22,1000,23,0,20.077,451.38,682.35,657.23,58.739,54.391,44.835,23.236,15.386,49.416,23.871,2.289,20.456,31.38,77.946,26,9.07,21,5.14,0
15,24,23,1000,23,0,20.076,451.37,682.35,657.23,58.689,54.336,44.832,23.233,15.389,49.381,24.063,2.289,20.545,31.391,79.206,26,9.07,21,5.14,0
15,24,24,1000,23,0,20.072,451.4,682.36,657.49,58.782,54.297,44.835,23.176,15.355,49.324,23.984,2.289,20.691,31.268,78.685,26,9.07,21,5.14,0
15,24,25,1000,23,0,20.075,451.4,682.34,657.54,58.762,54.39,44.837,23.171,15.355,49.291,23.895,2.289,20.573,31.39,78.1,26,9.07,21,5.14,0
15,24,26,1000,23,0,20.073,451.4,682.67,657.55,58.838,54.325,44.897,23.225,15.357,49.322,23.772,2.289,20.459,31.453,77.298,26,9.07,21,5.14,0
15,24,27,1000,23,0,20.122,451.36,682.68,657.17,58.84,54.326,44.742,23.238,15.356,49.417,23.996,2.289,20.515,31.332,78.751,26,9.07,21,5.14,0
15,24,28,1000,23,0,20.122,451.36,682.96,657.2,58.847,54.481,44.8,23.208,15.356,49.51,23.873,2.289,20.455,31.205,77.946,26,9.07,21,5.14,0
15,24,29,1000,23,0,20.123,451.71,682.97,657.21,58.849,54.481,44.829,23.173,15.352,49.544,23.979,2.278,20.456,31.204,78.637,26,9.07,21,5.14,0
15,24,30,1000,23,0,20.121,451.71,682.99,657.2,58.838,54.452,44.774,23.199,15.327,49.568,23.908,2.278,20.566,31.388,78.176,26,9.07,21,5.14,0
15,24,31,1000,23,0,20.12,451.67,683,657.26,58.924,54.425,44.797,23.171,15.387,49.535,23.898,2.278,20.691,31.515,78.113,26,9.07,21,5.14,0
15,24,32,1000,23,0,20.136,451.67,682.97,657.18,58.912,54.336,44.767,23.17,15.385,49.541,23.971,2.278,20.573,31.327,78.581,26,9.07,21,5.14,0
15,24,33,1000,23,0,20.122,451.69,683.28,657.23,58.93,54.297,44.741,23.169,15.385,49.541,23.871,2.278,20.573,31.389,77.935,26,9.07,21,5.14,0
15,24,34,1000,23,0,20.12,451.98,683.32,657.23,58.953,54.293,44.706,23.203,15.39,49.537,23.628,2.278,20.514,31.328,76.353,26,9.07,21,5.14,0
15,24,35,1000,23,0,20.123,451.98,683.32,657.19,58.998,54.295,44.71,23.2,15.39,49.538,23.835,2.278,20.622,31.329,77.698,26,9.07,21,5.14,0
15,24,36,1000,23,0,20.136,452.04,683.29,656.95,59.081,54.292,44.768,23.203,15.359,49.532,23.882,2.278,20.693,31.269,77.999,26,9.07,21,5.14,0
15,24,37,1000,23,0,20.136,451.96,683.32,656.85,59.078,54.412,44.699,23.219,15.355,49.542,23.979,2.278,20.573,31.205,78.635,26,9.07,21,5.14,0
15,24,38,1000,23,0,20.139,452.01,683.34,656.93,59.153,54.45,44.738,23.231,15.363,49.542,23.795,2.278,20.34,31.147,77.433,26,9.07,21,5.14,0
15,24,39,1000,23,0,20.136,452.02,683.29,656.92,59.157,54.402,44.783,23.167,15.321,49.49,23.982,2.278,20.458,31.218,78.657,26,9.07,21,5.14,0
15,24,40,1000,23,0,20.107,452.01,683.3,656.91,59.208,54.356,44.802,23.202,15.321,49.467,24.077,2.278,20.691,31.3,79.288,26,9.07,21,5.14,0
15,24,41,1000,23,0,20.107,452.01,683.58,656.96,59.235,54.352,44.802,23.202,15.29,49.447,24.036,2.278,20.675,31.328,79.017,26,9.07,21,5.14,0
15,24,42,1000,23,0,20.107,451.99,683.6,656.88,59.231,54.579,44.804,23.2,15.294,49.422,23.854,2.278,20.468,31.514,77.824,26,9.07,21,5.14,0
15,24,43,1000,23,0,20.077,452.01,683.58,656.73,59.232,54.546,44.735,23.203,15.323,49.475,23.7,2.278,20.455,31.576,76.834,26,9.07,21,5.14,0
15,24,44,1000,23,0,20.074,452.01,683.59,656.59,59.306,54.643,44.769,23.201,15.325,49.509,23.9,2.278,20.457,31.452,78.133,26,9.07,21,5.14,0
15,24,45,1000,23,0,20.076,452.01,683.6,656.64,59.23,54.607,44.797,23.202,15.295,49.514,23.98,2.278,20.46,31.388,78.658,26,9.07,21,5.14,0
15,24,46,1000,23,0,20.072,452.02,683.63,656.59,59.238,54.454,44.708,23.172,15.291,49.537,23.876,2.278,20.633,31.33,77.981,26,9.07,21,5.14,0
15,24,47,1000,23,0,20.073,451.98,683.32,656.57,59.314,54.389,44.772,23.139,15.298,49.538,23.939,2.278,20.692,31.426,78.391,26,9.07,21,5.14,0
15,24,48,1000,23,0,20.073,452.04,683.3,656.61,59.319,54.3,44.832,23.168,15.323,49.506,24.001,2.269,20.752,31.606,78.798,26,9.07,21,5.14,0
15,24,49,1000,23,0,20.075,452.02,683.25,656.6,59.394,54.32,44.807,23.165,15.258,49.503,23.942,2.269,20.689,31.513,78.408,26,9.07,21,5.14,0
15,24,50,1000,23,0,20.074,451.98,683.32,656.61,59.391,54.327,44.799,23.14,15.292,49.533,23.943,2.269,20.631,31.512,78.413,26,9.07,21,5.14,0
15,24,51,1000,23,0,20.073,452.04,683.3,656.61,59.404,54.329,44.799,23.185,15.29,49.545,23.99,2.269,20.573,31.518,78.724,26,9.07,21,5.14,0
15,24,52,1000,23,0,20.075,451.99,683.25,656.56,59.386,54.359,44.805,23.2,15.358,49.535,23.989,2.269,20.691,31.269,78.716,26,9.07,21,5.14,0
15,24,53,1000,23,0,20.122,452,682.97,656.29,59.394,54.449,44.796,23.201,15.356,49.538,24.04,2.269,20.691,31.267,79.042,26,9.07,21,5.14,0
15,24,54,1000,23,0,20.121,452.01,682.94,656.29,59.465,54.513,44.866,23.206,15.353,49.543,23.892,2.269,20.631,31.331,78.073,26,9.07,21,5.14,0
15,24,55,1000,23,0,20.133,451.97,683,656.24,59.548,54.362,44.741,23.252,15.355,49.536,23.966,2.269,20.573,31.393,78.552,26,9.07,21,5.14,0
15,24,56,1000,23,0,20.135,452,682.97,656.27,59.551,54.327,44.645,23.237,15.359,49.571,24.021,2.269,20.618,31.326,78.91,26,9.07,21,5.14,0
15,24,57,1000,23,0,20.14,452.03,682.95,656.31,59.549,54.418,44.8,23.237,15.344,49.542,24.143,2.269,20.495,31.205,79.717,26,9.07,21,5.14,0
15,24,58,1000,23,0,20.138,452.3,683,656.3,59.477,54.39,44.802,23.2,15.328,49.536,23.845,2.269,20.572,31.267,77.755,26,9.07,21,5.14,0
15,24,59,1000,23,0,20.138,452.31,682.97,656.27,59.473,54.418,44.893,23.143,15.356,49.576,23.805,2.269,20.574,31.391,77.499,26,9.07,21,5.14,0
15,25,0,1000,23,0,20.144,452.29,683.3,656.29,59.46,54.635,44.895,23.14,15.32,49.598,23.76,2.269,20.572,31.328,77.205,26,9.07,21,5.14,0
15,25,1,1000,23,0,20.152,452.32,683.26,656.3,59.546,54.769,44.863,23.206,15.323,49.598,23.782,2.269,20.399,31.453,77.344,26,9.07,21,5.14,0
15,25,2,1000,23,0,20.152,452.3,683.29,656.25,59.478,54.739,44.866,23.201,15.321,49.573,23.887,2.269,20.399,31.325,78.032,26,9.07,21,5.14,0
15,25,3,1000,23,0,20.15,452.32,683.28,656.28,59.419,54.703,44.867,23.202,15.356,49.551,23.86,2.269,20.457,31.389,77.855,26,9.07,21,5.14,0
15,25,4,1000,23,0,20.154,452.33,683.27,655.95,59.402,54.676,44.864,23.236,15.356,49.54,23.922,2.269,20.592,31.452,78.26,26,9.07,21,5.14,0
15,25,5,1000,23,0,20.152,452.29,683.21,655.98,59.385,54.607,44.867,23.262,15.331,49.508,23.8,2.269,20.751,31.517,77.462,26,9.07,21,5.14,0
15,25,6,1000,23,0,20.136,452.35,682.97,655.95,59.458,54.42,44.864,23.234,15.35,49.506,23.875,2.262,20.752,31.393,77.953,26,9.07,21,5.14,0
15,25,7,1000,23,0,20.138,452.33,682.98,656.04,59.473,54.513,44.868,23.231,15.333,49.54,23.891,2.262,20.694,31.393,78.062,26,9.07,21,5.14,0
15,25,8,1000,23,0,20.135,452.31,683,655.93,59.553,54.547,44.93,23.234,15.326,49.599,23.857,2.262,20.515,31.332,77.839,26,9.07,21,5.14,0
15,25,9,1000,23,0,20.139,452.34,682.65,655.95,59.541,54.901,44.868,23.225,15.323,49.574,23.854,2.262,20.458,31.266,77.82,26,9.07,21,5.14,0
15,25,10,1000,23,0,20.139,452.3,682.65,656,59.613,54.9,44.926,23.168,15.324,49.54,23.687,2.262,20.517,31.39,76.731,26,9.07,21,5.14,0
15,25,11,1000,23,0,20.123,452.34,682.37,655.94,59.631,54.932,44.896,23.165,15.292,49.599,23.671,2.262,20.399,31.484,76.63,26,9.07,21,5.14,0
15,25,12,1000,23,0,20.121,452.32,682.37,655.92,59.623,55.018,44.865,23.137,15.293,49.566,23.119,2.262,20.481,31.394,73.095,26,9.07,21,5.14,0
15,25,13,1000,23,0,20.123,452.33,682.36,656.32,59.555,54.959,44.893,23.169,15.323,49.542,22.836,2.262,20.564,31.332,71.322,26,9.07,21,5.14,0
15,25,14,1000,23,0,20.124,452.35,682.68,656.28,59.61,54.829,44.924,23.138,15.261,49.562,22.62,2.262,20.515,31.328,69.976,26,9.07,21,5.14,0
15,25,15,1000,23,0,20.137,452.31,683.02,656.58,59.603,54.766,44.896,23.137,15.262,49.576,22.416,2.262,20.457,31.329,68.717,26,9.07,21,5.14,0
15,25,16,1000,23,0,20.137,452.33,683.28,656.9,59.546,54.766,44.865,23.168,15.29,49.595,22.057,2.262,20.341,31.452,66.529,26,9.07,21,5.14,0
15,25,17,1000,23,0,20.167,452.61,684.08,657.25,59.462,54.607,44.867,23.164,15.292,49.6,22.393,2.262,20.401,31.577,68.565,26,9.07,21,5.14,0
15,25,18,1000,23,0,20.127,452.62,684.43,657.87,59.469,54.674,44.832,23.202,15.291,49.603,21.563,2.262,20.459,31.513,63.585,26,9.07,21,5.14,0
15,25,19,1000,23,0,20.12,452.59,685.15,658.19,59.541,54.613,44.834,23.204,15.292,49.635,21.24,2.262,20.458,31.169,61.697,26,9.07,21,5.14,0
15,25,20,1000,23,0,20.135,452.93,686.67,658.76,59.542,54.694,44.927,23.199,15.294,49.6,21.042,2.262,20.427,31.269,60.546,26,9.07,21,5.14,0
15,25,21,1000,23,0,20.152,452.91,688.58,659.35,59.546,54.741,44.832,23.173,15.292,49.571,20.89,2.262,20.224,31.327,59.675,26,9.07,21,5.14,0
15,25,22,1000,23,0,20.182,453.23,690.8,659.99,59.548,54.778,44.891,23.143,15.263,49.569,20.447,2.262,20.222,31.33,57.16,26,9.07,21,5.14,0
15,25,23,1000,23,0,20.193,453.56,692.92,660.57,59.463,54.957,44.863,23.139,15.26,49.534,20.217,2.262,20.4,31.449,55.882,26,9.07,21,5.14,0
15,25,24,1000,23,0,20.2,453.55,695.73,661.02,59.396,55.084,44.862,23.141,15.259,49.571,20.397,2.256,20.572,31.329,56.878,26,9.07,21,5.14,0
15,25,25,1000,23,0,20.246,453.55,698.26,661.24,59.327,54.923,44.867,23.166,15.322,49.544,20.777,2.256,20.572,31.387,59.008,26,9.07,21,5.14,0
15,25,26,1000,23,0,20.276,453.87,701.06,662.17,59.256,54.801,44.81,23.197,15.324,49.557,20.373,2.256,20.631,31.33,56.728,26,9.07,21,5.14,0
15,25,27,1000,23,0,20.323,453.86,703.83,662.74,59.239,54.488,44.8,23.232,15.321,49.569,20.777,2.256,20.63,31.369,58.996,26,9.07,21,5.14,0
15,25,28,1000,23,0,20.324,453.86,706.64,663.39,59.161,54.514,44.801,23.235,15.343,49.567,19.908,2.256,20.595,31.514,54.158,26,9.07,21,5.14,0
15,25,29,1000,23,0,20.353,454.19,709.39,663.99,58.924,54.513,44.831,23.231,15.351,49.531,20.655,2.256,20.4,31.514,58.297,26,9.07,21,5.14,0
15,25,30,1000,23,0,20.369,454.49,711.84,664.92,58.839,54.456,44.836,23.235,15.324,49.539,20.54,2.256,20.399,31.453,57.648,26,9.07,21,5.14,0
15,25,31,1000,23,0,20.434,454.48,712.84,665.6,58.685,54.501,44.829,23.235,15.325,49.569,20.426,2.256,20.399,31.39,56.997,26,9.07,21,5.14,0
15,25,32,1000,23,0,20.446,454.77,715.09,666.14,58.604,54.557,44.835,23.235,15.355,49.633,20.669,2.256,20.34,31.327,58.357,26,9.07,21,5.14,0
15,25,33,1000,23,0,20.45,454.81,717.91,667.09,58.527,54.643,44.896,23.234,15.353,49.606,20.636,2.256,20.398,31.329,58.172,26,9.07,21,5.14,0
15,25,34,1000,23,0,20.447,455.04,720.37,667.71,58.375,54.799,44.864,23.232,15.353,49.659,20.662,2.256,20.4,31.393,58.32,26,9.07,21,5.14,0
15,25,35,1000,23,0,20.448,455.11,722.88,668.3,58.291,54.827,44.959,23.201,15.353,49.72,20.337,2.256,20.398,31.349,56.498,26,9.07,21,5.14,0
15,25,36,1000,23,0,20.462,455.09,725.35,668.9,58.224,54.797,44.956,23.225,15.355,49.724,20.512,2.256,20.618,31.328,57.468,26,9.07,21,5.14,0
15,25,37,1000,23,0,20.464,455.43,729.57,669.88,58.21,54.81,44.861,23.232,15.355,49.693,20.541,2.256,20.691,31.678,57.633,26,9.07,21,5.14,0
15,25,38,1000,23,0,20.491,455.37,730.32,670.49,58.054,54.77,44.896,23.268,15.389,49.695,20.04,2.256,20.632,31.713,54.849,26,9.07,21,5.14,0
15,25,39,1000,23,0,20.495,455.36,732.22,671.06,58.044,54.644,44.896,23.266,15.386,49.697,20.585,2.256,20.633,31.515,57.873,26,9.07,21,5.14,0
15,25,40,1000,23,0,20.508,455.39,734.44,671.68,57.977,54.675,44.895,23.264,15.386,49.655,20.437,2.256,20.575,31.328,57.041,26,9.07,21,5.14,0
15,25,41,1000,23,0,20.509,455.73,736.6,671.76,57.971,54.728,44.898,23.264,15.386,49.663,20.684,2.256,20.632,31.266,58.428,26,9.07,21,5.14,0
15,25,42,1000,23,0,20.494,455.75,738.49,672.97,57.835,54.832,44.954,23.263,15.33,49.663,20.524,2.242,20.398,31.39,57.532,26,9.07,21,5.14,0
15,25,43,1000,23,0,20.471,455.73,740.33,673.59,57.817,54.959,44.931,23.265,15.34,49.659,20.505,2.242,20.399,31.393,57.432,26,9.07,21,5.14,0
15,25,44,1000,23,0,20.464,455.82,741.52,673.62,57.811,54.961,44.923,23.27,15.356,49.595,19.822,2.242,20.458,31.389,53.67,26,9.07,21,5.14,0
15,25,45,1000,23,0,20.466,456.01,743.76,674.22,57.81,54.801,44.926,23.261,15.357,49.599,20.417,2.242,20.458,31.328,56.938,26,9.07,21,5.14,0
15,25,46,1000,23,0,20.466,456.04,745.35,674.82,57.821,54.783,44.895,23.268,15.356,49.628,20.242,2.242,20.416,31.392,55.966,26,9.07,21,5.14,0
15,25,47,1000,23,0,20.45,456.06,746.89,675.08,57.741,54.735,44.991,23.27,15.327,49.629,20.39,2.242,20.458,31.205,56.79,26,9.07,21,5.14,0
15,25,48,1000,23,0,20.443,456.11,748.76,675.72,57.734,54.669,44.963,23.263,15.325,49.666,20.517,2.242,20.457,30.918,57.5,26,9.07,21,5.14,0
15,25,49,1000,23,0,20.433,456.33,750.24,676.36,57.738,54.605,44.927,23.262,15.354,49.663,19.874,2.242,20.399,31.079,53.956,26,9.07,21,5.14,0
15,25,50,1000,23,0,20.434,456.36,751.33,677,57.735,54.644,44.931,23.203,15.352,49.688,19.607,2.242,20.572,31.084,52.514,26,9.07,21,5.14,0
15,25,51,1000,23,0,20.431,456.35,751.58,677.23,57.74,54.581,44.926,23.202,15.354,49.698,19.846,2.242,20.568,31.077,53.804,26,9.07,21,5.14,0
15,25,52,1000,23,0,20.416,456.65,753.15,677.89,57.593,54.701,44.926,23.232,15.355,49.686,20.047,2.242,20.516,31.145,54.903,26,9.07,21,5.14,0
15,25,53,1000,23,0,20.418,456.66,754.37,678.55,57.513,54.705,44.808,23.262,15.355,49.692,19.9,2.242,20.632,31.024,54.097,26,9.07,21,5.14,0
15,25,54,1000,23,0,20.415,456.71,755.58,678.82,57.501,54.796,44.829,23.201,15.356,49.685,19.64,2.242,20.751,31.193,52.694,26,9.07,21,5.14,0
15,25,55,1000,23,0,20.4,456.7,756.88,679.09,57.501,54.828,44.858,23.199,15.355,49.661,19.731,2.242,20.752,31.145,53.187,26,9.07,21,5.14,0
15,25,56,1000,23,0,20.416,457.01,758.16,679.76,57.497,54.86,44.91,23.166,15.357,49.694,20.27,2.242,20.631,31.146,56.132,26,9.07,21,5.14,0
15,25,57,1000,23,0,20.419,456.98,759.32,679.75,57.498,54.861,44.923,23.17,15.353,49.724,20.22,2.242,20.633,31.13,55.854,26,9.07,21,5.14,0
15,25,58,1000,23,0,20.419,456.98,760.09,680.07,57.422,54.768,44.896,23.17,15.353,49.695,20.335,2.242,20.669,31.085,56.493,26,9.07,21,5.14,0
15,25,59,1000,23,0,20.416,456.97,760.52,680.65,57.422,54.704,44.891,23.233,15.355,49.697,19.811,2.242,20.585,31.329,53.618,26,9.07,21,5.14,0
15,26,0,1000,23,0,20.417,456.95,761.5,680.98,57.429,54.514,44.924,23.265,15.352,49.695,19.964,2.254,20.634,31.454,54.45,26,9.07,21,5.14,0
15,26,1,1000,23,0,20.417,456.98,762.47,681.6,57.433,54.545,44.867,23.265,15.355,49.693,20.264,2.254,20.693,31.515,56.098,26,9.07,21,5.14,0
15,26,2,1000,23,0,20.354,456.96,763.75,681.91,57.498,54.629,44.862,23.264,15.357,49.731,20.369,2.254,20.516,31.518,56.695,26,9.07,21,5.14,0
15,26,3,1000,23,0,20.34,456.95,764.67,682.2,57.424,54.713,44.865,23.262,15.326,49.73,19.89,2.254,20.339,31.617,54.062,26,9.07,21,5.14,0
15,26,4,1000,23,0,20.339,456.98,765.62,682.84,57.426,54.722,44.864,23.263,15.352,49.662,20.326,2.254,20.281,31.578,56.456,26,9.07,21,5.14,0
15,26,5,1000,23,0,20.337,456.99,766.53,683.04,57.348,54.639,44.897,23.327,15.353,49.665,20.319,2.254,20.4,31.545,56.416,26,9.07,21,5.14,0
15,26,6,1000,23,0,20.341,456.98,767.46,683.2,57.342,54.924,44.962,23.329,15.388,49.697,20.438,2.254,20.398,31.618,57.083,26,9.07,21,5.14,0
15,26,7,1000,23,0,20.324,456.97,768.07,683.45,57.276,54.892,45.022,23.273,15.386,49.726,20.284,2.254,20.517,31.515,56.226,26,9.07,21,5.14,0
15,26,8,1000,23,0,20.337,457.3,769.05,683.79,57.351,55.146,45.024,23.209,15.388,49.724,20.099,2.254,20.571,31.513,55.205,26,9.07,21,5.14,0
15,26,9,1000,23,0,20.365,457.27,769.98,684.08,57.348,55.241,44.989,23.2,15.361,49.726,20.125,2.254,20.514,31.208,55.342,26,9.07,21,5.14,0
15,26,10,1000,23,0,20.369,457.28,770.57,684.39,57.348,55.146,44.924,23.208,15.359,49.694,20.218,2.254,20.455,31.454,55.853,26,9.07,21,5.14,0
15,26,11,1000,23,0,20.355,457.28,771.14,684.69,57.351,54.933,44.923,23.219,15.356,49.66,19.709,2.254,20.34,31.618,53.075,26,9.07,21,5.14,0
15,26,12,1000,23,0,20.34,457.55,771.46,684.98,57.346,54.836,44.926,23.234,15.356,49.642,19.984,2.254,20.401,31.563,54.574,26,9.07,21,5.14,0
15,26,13,1000,23,0,20.338,457.58,771.87,685,57.33,54.776,44.901,23.264,15.353,49.637,20.097,2.254,20.659,31.473,55.193,26,9.07,21,5.14,0
15,26,14,1000,23,0,20.339,457.62,772.47,685.27,57.27,54.839,44.92,23.204,15.326,49.601,20.358,2.254,20.631,31.39,56.634,26,9.07,21,5.14,0
15,26,15,1000,23,0,20.337,457.87,773.11,685.65,57.266,54.89,44.939,23.203,15.292,49.661,19.405,2.254,20.572,31.33,51.453,26,9.07,21,5.14,0
15,26,16,1000,23,0,20.356,457.89,773.37,685.64,57.185,54.924,44.991,23.26,15.324,49.694,20.293,2.254,20.633,31.329,56.269,26,9.07,21,5.14,0
15,26,17,1000,23,0,20.371,457.89,774,685.9,57.103,54.925,44.959,23.231,15.323,49.723,20.14,2.254,20.75,31.327,55.42,26,9.07,21,5.14,0
15,26,18,1000,23,0,20.416,457.9,775.13,686.25,57.108,55.093,44.9,23.202,15.291,49.785,20.172,2.252,20.633,31.267,55.589,26,9.07,21,5.14,0
15,26,19,1000,23,0,20.432,458.23,775.37,686.58,57.114,55.016,44.984,23.199,15.322,49.757,20.196,2.252,20.692,31.211,55.721,26,9.07,21,5.14,0
15,26,20,1000,23,0,20.434,458.2,775.61,686.83,57.106,54.955,45.014,23.204,15.324,49.755,20.27,2.252,20.691,31.329,56.13,26,9.07,21,5.14,0
15,26,21,1000,23,0,20.433,458.21,776.19,686.83,57.178,55.02,45.013,23.233,15.357,49.725,19.922,2.252,20.69,31.393,54.215,26,9.07,21,5.14,0
15,26,22,1000,23,0,20.417,458.22,776.82,687.15,57.19,55.054,44.997,23.263,15.389,49.754,20.322,2.252,20.573,31.513,56.419,26,9.07,21,5.14,0
15,26,23,1000,23,0,20.402,458.22,777.15,687.52,57.197,54.958,44.926,23.235,15.387,49.752,20.351,2.252,20.514,31.332,56.582,26,9.07,21,5.14,0
15,26,24,1000,23,0,20.415,458.21,777.76,687.77,57.265,54.706,44.956,23.196,15.417,49.754,20.265,2.252,20.633,31.391,56.106,26,9.07,21,5.14,0
15,26,25,1000,23,0,20.409,458.21,778.43,688.07,57.338,54.888,45.027,23.2,15.419,49.757,20.254,2.252,20.574,31.268,56.044,26,9.07,21,5.14,0
15,26,26,1000,23,0,20.402,458.24,778.7,688.2,57.338,54.8,44.99,23.203,15.405,49.721,20.253,2.252,20.573,31.264,56.04,26,9.07,21,5.14,0
15,26,27,1000,23,0,20.384,458.25,779.01,688.38,57.419,54.769,44.958,23.23,15.356,49.695,20.207,2.252,20.515,31.39,55.788,26,9.07,21,5.14,0
15,26,28,1000,23,0,20.386,458.22,779.63,688.7,57.424,54.892,44.988,23.265,15.354,49.655,20.322,2.252,20.632,31.387,56.423,26,9.07,21,5.14,0
15,26,29,1000,23,0,20.386,458.23,779.94,689.06,57.387,54.928,44.955,23.262,15.388,49.631,20.185,2.252,20.633,31.393,55.668,26,9.07,21,5.14,0
15,26,30,1000,23,0,20.388,458.23,780.23,689.34,57.342,54.927,44.93,23.267,15.386,49.636,19.975,2.252,20.573,31.389,54.513,26,9.07,21,5.14,0
15,26,31,1000,23,0,20.401,458.21,780.53,689.67,57.338,54.77,44.98,23.297,15.359,49.661,20.214,2.252,20.633,31.437,55.822,26,9.07,21,5.14,0
15,26,32,1000,23,0,20.387,458.23,780.67,689.94,57.345,54.827,45.015,23.291,15.352,49.755,20.153,2.252,20.721,31.33,55.49,26,9.07,21,5.14,0
15,26,33,1000,23,0,20.368,458.24,780.91,689.9,57.357,54.925,45.013,23.282,15.328,49.755,20.297,2.252,20.693,31.452,56.289,26,9.07,21,5.14,0
15,26,34,1000,23,0,20.381,458.2,781.17,690.23,57.274,54.989,44.958,23.264,15.297,49.755,20.052,2.252,20.693,31.39,54.938,26,9.07,21,5.14,0
15,26,35,1000,23,0,20.384,457.9,781.49,690.23,57.188,54.768,44.958,23.265,15.321,49.729,20.086,2.264,20.633,31.517,55.123,26,9.07,21,5.14,0
15,26,36,1000,23,0,20.401,457.91,781.82,690.55,57.194,54.612,44.893,23.23,15.326,49.722,19.826,2.264,20.516,31.577,53.701,26,9.07,21,5.14,0
15,26,37,1000,23,0,20.402,457.88,782.15,690.55,57.185,54.676,44.959,23.233,15.318,49.788,20.155,2.264,20.572,31.617,55.496,26,9.07,21,5.14,0
15,26,38,1000,23,0,20.384,457.91,782.17,690.81,57.189,54.81,45.021,23.204,15.324,49.697,20.287,2.264,20.574,31.516,56.233,26,9.07,21,5.14,0
15,26,39,1000,23,0,20.384,457.88,782.45,690.82,57.114,54.806,44.994,23.205,15.322,49.692,20.12,2.264,20.504,31.576,55.308,26,9.07,21,5.14,0
15,26,40,1000,23,0,20.387,457.91,782.76,690.92,57.045,54.805,45.084,23.266,15.292,49.691,20.082,2.264,20.574,31.389,55.097,26,9.07,21,5.14,0
15,26,41,1000,23,0,20.387,457.92,783.06,690.9,57.048,54.861,45.149,23.3,15.294,49.698,20.284,2.264,20.572,31.328,56.214,26,9.07,21,5.14,0
15,26,42,1000,23,0,20.355,457.89,783.09,690.87,57.119,54.895,45.058,23.299,15.294,49.782,20.197,2.264,20.573,31.452,55.738,26,9.07,21,5.14,0
15,26,43,1000,23,0,20.352,457.93,783.38,691.15,57.118,54.802,45.08,23.328,15.294,49.723,20.395,2.264,20.752,31.509,56.836,26,9.07,21,5.14,0
15,26,44,1000,23,0,20.353,457.9,783.68,691.19,57.109,54.737,45.083,23.298,15.292,49.693,20.339,2.264,20.752,31.616,56.527,26,9.07,21,5.14,0
15,26,45,1000,23,0,20.337,457.93,783.8,691.49,57.031,54.638,45.077,23.297,15.293,49.723,20.275,2.264,20.573,31.62,56.175,26,9.07,21,5.14,0
15,26,46,1000,23,0,20.322,457.88,784,691.51,57.111,54.45,45.019,23.299,15.315,49.726,20.236,2.264,20.517,31.515,55.963,26,9.07,21,5.14,0
15,26,47,1000,23,0,20.338,457.89,784,691.44,57.115,54.544,44.994,23.298,15.335,49.779,20.212,2.264,20.614,31.514,55.827,26,9.07,21,5.14,0
15,26,48,1000,23,0,20.328,457.91,784,691.77,57.116,54.576,45.053,23.269,15.353,49.76,20.044,2.264,20.692,31.391,54.905,26,9.07,21,5.14,0
15,26,49,1000,23,0,20.322,457.91,784.27,691.81,57.11,54.579,45.083,23.237,15.323,49.758,20.238,2.264,20.693,31.391,55.971,26,9.07,21,5.14,0
15,26,50,1000,23,0,20.308,457.59,784.33,691.76,56.948,54.673,45.137,23.205,15.294,49.762,20.153,2.264,20.633,31.392,55.505,26,9.07,21,5.14,0
15,26,51,1000,23,0,20.306,457.58,784.26,691.84,56.955,54.797,45.129,23.23,15.269,49.723,20.264,2.264,20.572,31.208,56.119,26,9.07,21,5.14,0
15,26,52,1000,23,0,20.306,457.6,784.59,691.82,57.036,54.797,45.096,23.264,15.261,49.694,20.312,2.264,20.574,31.092,56.386,26,9.07,21,5.14,0
15,26,53,1000,23,0,20.309,457.59,784.63,691.78,57.027,54.706,45.057,23.301,15.264,49.662,20.232,2.264,20.573,31.148,55.939,26,9.07,21,5.14,0
15,26,54,1000,23,0,20.31,457.61,784.63,691.81,57.032,54.588,45.019,23.297,15.324,49.66,19.903,2.291,20.399,31.268,54.136,26,9.07,21,5.14,0
15,26,55,1000,23,0,20.308,457.57,784.64,691.78,57.033,54.579,45.028,23.296,15.355,49.659,19.798,2.291,20.458,31.328,53.564,26,9.07,21,5.14,0
15,26,56,1000,23,0,20.308,457.59,784.94,692.11,57.098,54.594,44.991,23.298,15.352,49.69,20.128,2.291,20.631,31.329,55.367,26,9.07,21,5.14,0
15,26,57,1000,23,0,20.292,457.9,784.93,692.12,57.108,54.635,44.989,23.314,15.387,49.694,19.665,2.291,20.752,31.391,52.853,26,9.07,21,5.14,0
15,26,58,1000,23,0,20.275,457.91,785.26,692.06,57.103,54.763,45.05,23.326,15.384,49.691,19.622,2.291,20.679,31.256,52.624,26,9.07,21,5.14,0
15,26,59,1000,23,0,20.276,457.87,785.59,692.08,57.076,54.514,44.929,23.293,15.415,49.692,20.267,2.291,20.573,31.263,56.14,26,9.07,21,5.14,0
15,27,0,1000,23,0,20.279,457.95,785.56,692.1,57.033,54.738,44.987,23.263,15.386,49.727,20.142,2.291,20.572,31.204,55.451,26,9.07,21,5.14,0
15,27,1,1000,23,0,20.275,457.93,785.56,692.14,57.031,54.86,45.016,23.293,15.416,49.726,19.977,2.291,20.458,31.45,54.545,26,9.07,21,5.14,0
15,27,2,1000,23,0,20.262,458,785.56,692.45,56.862,55.017,45.048,23.331,15.37,49.725,20.205,2.291,20.516,31.389,55.798,26,9.07,21,5.14,0
15,27,3,1000,23,0,20.261,458.2,785.85,692.43,56.882,55.019,45.055,23.297,15.352,49.723,19.817,2.291,20.634,31.516,53.676,26,9.07,21,5.14,0
15,27,4,1000,23,0,20.26,458.21,785.85,692.7,56.948,54.927,45.017,23.295,15.356,49.721,19.781,2.291,20.691,31.392,53.481,26,9.07,21,5.14,0
15,27,5,1000,23,0,20.251,458.22,785.85,692.73,56.957,54.897,44.956,23.263,15.291,49.723,20.073,2.291,20.567,31.391,55.077,26,9.07,21,5.14,0
15,27,6,1000,23,0,20.232,457.89,785.86,692.7,56.952,54.818,44.893,23.233,15.293,49.788,20.29,2.291,20.457,31.175,56.276,26,9.07,21,5.14,0
15,27,7,1000,23,0,20.229,457.94,785.91,693.02,56.871,54.707,44.926,23.234,15.292,49.75,20.307,2.291,20.573,31.143,56.371,26,9.07,21,5.14,0
15,27,8,1000,23,0,20.23,457.89,786.18,693.03,56.862,54.608,44.862,23.265,15.324,49.81,20.176,2.291,20.516,31.204,55.647,26,9.07,21,5.14,0
15,27,9,1000,23,0,20.232,457.92,786.2,693.05,56.943,54.547,44.925,23.24,15.323,49.792,19.832,2.291,20.573,31.267,53.762,26,9.07,21,5.14,0
15,27,10,1000,23,0,20.231,458.21,786.21,693.04,57.015,54.58,44.928,23.262,15.353,49.78,20.331,2.291,20.515,31.329,56.503,26,9.07,21,5.14,0
15,27,11,1000,23,0,20.23,458.24,786.2,693.01,57.033,54.831,44.954,23.241,15.357,49.755,20.233,2.307,20.516,31.516,55.962,26,9.07,21,5.14,0
15,27,12,1000,23,0,20.215,458.21,786.49,693.35,57.034,54.873,44.927,23.202,15.356,49.812,20.03,2.307,20.456,31.575,54.844,26,9.07,21,5.14,0
15,27,13,1000,23,0,20.214,458.23,786.45,693.39,57.024,55.021,44.988,23.219,15.335,49.818,20.333,2.307,20.473,31.516,56.522,26,9.07,21,5.14,0
15,27,14,1000,23,0,20.203,458.22,786.49,693.3,57.036,54.713,44.99,23.232,15.327,49.785,20.173,2.307,20.572,31.45,55.637,26,9.07,21,5.14,0
15,27,15,1000,23,0,20.2,458.21,786.48,693.33,57.027,54.589,44.991,23.233,15.329,49.787,20.209,2.307,20.514,31.326,55.837,26,9.07,21,5.14,0
15,27,16,1000,23,0,20.198,458.19,786.48,693.32,57.026,54.629,44.991,23.232,15.327,49.815,20.306,2.307,20.457,31.27,56.374,26,9.07,21,5.14,0
15,27,17,1000,23,0,20.184,458.22,786.5,693.36,57.11,54.664,44.989,23.203,15.325,49.784,20.303,2.307,20.458,31.267,56.36,26,9.07,21,5.14,0
15,27,18,1000,23,0,20.184,458.22,786.46,693.65,57.031,54.669,45.085,23.199,15.293,49.753,20.059,2.307,20.399,31.332,55.01,26,9.07,21,5.14,0
15,27,19,1000,23,0,20.185,458.21,786.76,693.69,57.017,54.679,44.987,23.174,15.356,49.72,19.967,2.307,20.34,31.267,54.509,26,9.07,21,5.14,0
15,27,20,1000,23,0,20.183,458.22,786.77,693.61,57.027,54.896,45.053,23.201,15.354,49.75,20.28,2.307,20.338,31.389,56.229,26,9.07,21,5.14,0
15,27,21,1000,23,0,20.168,458.4,786.82,693.69,56.966,54.829,45.02,23.205,15.355,49.741,20.392,2.307,20.34,31.536,56.858,26,9.07,21,5.14,0
15,27,22,1000,23,0,20.169,458.52,787.13,693.65,56.961,54.992,45.039,23.207,15.296,49.786,20.175,2.307,20.515,31.393,55.65,26,9.07,21,5.14,0
15,27,23,1000,23,0,20.168,458.86,787.11,693.63,57.035,54.955,44.96,23.23,15.293,49.789,20.313,2.307,20.632,31.393,56.415,26,9.07,21,5.14,0
15,27,24,1000,23,0,20.154,458.8,787.08,693.32,57.026,54.77,45.057,23.201,15.265,49.816,20.223,2.307,20.63,31.327,55.921,26,9.07,21,5.14,0
15,27,25,1000,23,0,20.141,458.84,787.1,693.33,57.035,54.798,45.052,23.171,15.265,49.878,20.004,2.307,20.692,31.428,54.716,26,9.07,21,5.14,0
15,27,26,1000,23,0,20.137,458.85,787.09,693.02,57.032,54.987,45.019,23.171,15.288,49.906,20.235,2.307,20.574,31.331,55.993,26,9.07,21,5.14,0
15,27,27,1000,23,0,20.153,459.16,787.16,693.02,57.027,54.983,45.055,23.169,15.295,49.895,20.174,2.307,20.459,31.328,55.648,26,9.07,21,5.14,0
15,27,28,1000,23,0,20.167,459.14,787.14,692.99,57.029,55.055,45.053,23.205,15.29,49.877,20.25,2.307,20.457,31.391,56.066,26,9.07,21,5.14,0
15,27,29,1000,23,0,20.2,459.44,787.11,693.04,57.03,55.054,45.022,23.233,15.292,49.879,20.133,2.303,20.457,31.269,55.417,26,9.07,21,5.14,0
15,27,30,1000,23,0,20.205,459.48,787.13,693.05,57.036,55.112,45.049,23.265,15.293,49.845,20.29,2.303,20.34,31.27,56.28,26,9.07,21,5.14,0
15,27,31,1000,23,0,20.231,459.47,787.14,693.02,57.028,55.116,45.078,23.234,15.293,49.815,20.23,2.303,20.344,31.268,55.945,26,9.07,21,5.14,0
15,27,32,1000,23,0,20.244,459.47,787.17,693.04,57.018,55.065,45.06,23.264,15.26,49.81,20.151,2.303,20.247,31.247,55.503,26,9.07,21,5.14,0
15,27,33,1000,23,0,20.29,459.79,787.14,693.02,57.042,55.066,45.036,23.265,15.259,49.754,19.826,2.303,20.459,31.409,53.721,26,9.07,21,5.14,0
15,27,34,1000,23,0,20.323,459.81,787.16,693.27,57.027,55.176,45.004,23.263,15.264,49.814,20.218,2.303,20.459,31.393,55.862,26,9.07,21,5.14,0
15,27,35,1000,23,0,20.324,459.55,787.16,693.34,57.109,55.113,45.02,23.26,15.265,49.873,20.171,2.303,20.338,31.392,55.603,26,9.07,21,5.14,0
15,27,36,1000,23,0,20.339,459.45,787.17,693.4,57.107,54.99,45.082,23.264,15.229,49.88,20.07,2.303,20.28,31.331,55.041,26,9.07,21,5.14,0
15,27,37,1000,23,0,20.355,459.5,787.15,693.32,57.122,55.145,45.118,23.266,15.259,49.876,19.901,2.303,20.221,31.391,54.114,26,9.07,21,5.14,0
15,27,38,1000,23,0,20.384,459.43,787.43,693.29,57.063,55.086,45.116,23.267,15.26,49.877,20.298,2.303,20.161,31.516,56.294,26,9.07,21,5.14,0
15,27,39,1000,23,0,20.396,459.45,787.72,693.32,57.041,55.117,45.021,23.236,15.283,49.875,20.296,2.303,20.281,31.452,56.281,26,9.07,21,5.14,0
15,27,40,1000,23,0,20.402,459.47,787.73,693.67,57.109,55.178,45.084,23.234,15.269,49.873,20.194,2.303,20.434,31.391,55.714,26,9.07,21,5.14,0
15,27,41,1000,23,0,20.432,459.76,787.72,693.61,57.115,55.265,45.086,23.202,15.261,49.91,20.248,2.303,20.516,31.379,56.005,26,9.07,21,5.14,0
15,27,42,1000,23,0,20.434,459.76,787.76,693.95,57.112,55.031,45.053,23.203,15.264,49.879,20.325,2.303,20.632,31.392,56.432,26,9.07,21,5.14,0
15,27,43,1000,23,0,20.417,459.78,788.07,693.95,56.869,54.941,45.084,23.262,15.257,49.938,20.092,2.303,20.572,31.513,55.148,26,9.07,21,5.14,0
15,27,44,1000,23,0,20.419,459.75,788.05,693.98,56.876,54.891,45.14,23.267,15.262,49.94,19.772,2.303,20.458,31.619,53.405,26,9.07,21,5.14,0
15,27,45,1000,23,0,20.432,459.79,788.05,693.96,56.957,55.113,45.064,23.269,15.261,49.97,20.372,2.303,20.457,31.68,56.693,26,9.07,21,5.14,0
15,27,46,1000,23,0,20.417,459.75,788.02,694.26,56.959,54.954,45.088,23.266,15.259,49.934,20.293,2.303,20.632,31.743,56.26,26,9.07,21,5.14,0
15,27,47,1000,23,0,20.417,459.77,788.05,694.25,56.949,54.798,45.213,23.264,15.29,49.936,20.11,2.31,20.483,31.577,55.248,26,9.07,21,5.14,0
15,27,48,1000,23,0,20.429,459.72,788.11,694.44,56.951,54.705,45.18,23.233,15.35,49.97,20.208,2.31,20.357,31.424,55.785,26,9.07,21,5.14,0
15,27,49,1000,23,0,20.432,459.45,788,694.56,56.955,54.956,45.148,23.267,15.331,49.94,20.078,2.31,20.571,31.217,55.07,26,9.07,21,5.14,0
15,27,50,1000,23,0,20.464,459.77,788.07,694.55,56.929,55.048,45.088,23.192,15.34,49.943,20.108,2.31,20.813,31.146,55.23,26,9.07,21,5.14,0
15,27,51,1000,23,0,20.494,459.79,788.06,694.61,56.881,54.835,45.082,23.184,15.357,49.934,19.782,2.31,20.752,31.207,53.444,26,9.07,21,5.14,0
15,27,52,1000,23,0,20.493,459.78,788.05,694.85,56.866,54.831,45.082,23.204,15.355,49.934,20.261,2.31,20.514,31.21,56.064,26,9.07,21,5.14,0
15,27,53,1000,23,0,20.482,459.47,788.06,694.62,56.956,54.784,45.02,23.232,15.356,49.971,19.525,2.31,20.457,31.213,52.07,26,9.07,21,5.14,0
15,27,54,1000,23,0,20.481,459.75,788.05,694.62,56.956,54.736,45.109,23.234,15.356,49.94,20.189,2.31,20.457,31.214,55.673,26,9.07,21,5.14,0
15,27,55,1000,23,0,20.48,459.7,788.05,694.23,56.96,54.606,45.11,23.231,15.324,49.874,20.363,2.31,20.458,31.196,56.635,26,9.07,21,5.14,0
15,27,56,1000,23,0,20.466,459.44,788.03,694.28,56.877,54.64,45.087,23.262,15.326,49.909,20.289,2.31,20.572,31.182,56.224,26,9.07,21,5.14,0
15,27,57,1000,23,0,20.464,459.42,788.04,694.23,56.953,54.576,45.039,23.324,15.353,49.971,19.986,2.31,20.572,31.266,54.558,26,9.07,21,5.14,0
15,27,58,1000,23,0,20.462,459.49,788,693.96,56.948,54.547,45.042,23.327,15.352,49.908,20.258,2.31,20.573,31.273,56.054,26,9.07,21,5.14,0
15,27,59,1000,23,0,20.462,459.47,788.05,693.91,56.799,54.893,45.114,23.328,15.356,49.845,20.3,2.31,20.573,31.393,56.289,26,9.07,21,5.14,0
15,28,0,1000,23,0,20.479,459.47,788.1,693.97,56.725,55.3,45.119,23.296,15.372,49.847,20.057,2.31,20.456,31.331,54.948,26,9.07,21,5.14,0
15,28,1,1000,23,0,20.462,459.46,788.07,694,56.686,54.999,45.239,23.298,15.386,49.846,20.134,2.31,20.397,31.455,55.37,26,9.07,21,5.14,0
15,28,2,1000,23,0,20.465,459.49,787.75,693.9,56.637,54.898,45.179,23.263,15.419,49.855,20.017,2.31,20.52,31.517,54.726,26,9.07,21,5.14,0
15,28,3,1000,23,0,20.464,459.42,787.74,693.98,56.639,54.839,45.086,23.236,15.417,49.845,20.279,2.31,20.632,31.564,56.174,26,9.07,21,5.14,0
15,28,4,1000,23,0,20.464,459.47,787.75,693.94,56.72,54.881,44.99,23.151,15.385,49.842,20.174,2.31,20.632,31.517,55.589,26,9.07,21,5.14,0
15,28,5,1000,23,0,20.464,459.47,787.76,693.98,56.8,54.923,45.022,23.141,15.359,49.881,20.218,2.307,20.75,31.577,55.833,26,9.07,21,5.14,0
15,28,6,1000,23,0,20.448,459.47,787.71,693.97,56.876,54.922,45.019,23.163,15.356,49.94,20.327,2.307,20.573,31.579,56.441,26,9.07,21,5.14,0
15,28,7,1000,23,0,20.441,459.49,787.74,693.97,56.868,54.926,44.993,23.169,15.353,50.003,19.652,2.307,20.633,31.452,52.755,26,9.07,21,5.14,0
15,28,8,1000,23,0,20.433,459.45,787.76,693.99,56.956,54.956,45.043,23.17,15.355,50.032,20.289,2.307,20.693,31.454,56.231,26,9.07,21,5.14,0
15,28,9,1000,23,0,20.448,459.16,787.74,693.64,56.956,55.209,45.054,23.18,15.384,50.005,20.194,2.307,20.751,31.619,55.706,26,9.07,21,5.14,0
15,28,10,1000,23,0,20.447,459.15,787.77,693.6,57.021,54.964,45.059,23.233,15.366,49.967,19.823,2.307,20.644,31.742,53.675,26,9.07,21,5.14,0
15,28,11,1000,23,0,20.464,459.14,787.75,693.61,57.105,54.99,45.111,23.17,15.354,49.939,19.744,2.307,20.728,31.438,53.244,26,9.07,21,5.14,0
15,28,12,1000,23,0,20.464,459.15,787.74,693.64,57.113,55.139,45.149,23.172,15.357,49.939,19.812,2.307,20.872,31.37,53.614,26,9.07,21,5.14,0
15,28,13,1000,23,0,20.463,459.19,787.77,693.67,57.088,55.258,45.057,23.167,15.355,49.94,20.406,2.307,20.693,31.514,56.877,26,9.07,21,5.14,0
15,28,14,1000,23,0,20.463,459.17,787.72,693.68,57.02,55.131,45.081,23.167,15.351,49.975,19.884,2.307,20.692,31.678,54.004,26,9.07,21,5.14,0
15,28,15,1000,23,0,20.463,459.14,787.73,693.93,57.025,55.064,45.05,23.17,15.357,49.941,19.744,2.307,20.632,31.577,53.246,26,9.07,21,5.14,0
15,28,16,1000,23,0,20.465,459.19,787.77,693.92,56.96,54.989,45.083,23.232,15.358,49.936,20.231,2.307,20.632,31.619,55.908,26,9.07,21,5.14,0
15,28,17,1000,23,0,20.465,459.13,787.73,693.91,56.951,54.924,45.15,23.237,15.291,50.032,19.774,2.307,20.572,31.741,53.409,26,9.07,21,5.14,0
